Temp,Wind_speed,Humidity,Visibility,Air_pressure
18.740000000000002,7.091489882687771,46,13.77673138869005,1017.5
18.17,6.524483028836926,52,13.595912371748986,1019.5
17.67,5.832346183088099,57,11.80760608048994,1020.5
17.96,8.134210019995228,47,13.505192177682336,1018.5
17.205000000000002,10.163891552527906,45,13.398316332617513,1017.0
15.21,11.29386025610435,45,9.999726596675416,1013.0
